r_over_Rmin,U_over_epsilon,F_times_Rmin_over_epsilon
8.299999999999999600e-01,3.238088017621242543e+00,9.103734539427492223e+01
8.329549248747912804e-01,2.976563952896937870e+00,8.601708671974714093e+01
8.359098497495826008e-01,2.729478487536270315e+00,8.126231691089026299e+01
8.388647746243739212e-01,2.496068534630561331e+00,7.675868197287664429e+01
8.418196994991652415e-01,2.275612215301384467e+00,7.249263659888089251e+01
8.447746243739565619e-01,2.067426540400651547e+00,6.845139641331601865e+01
8.477295492487478823e-01,1.870865228906558819e+00,6.462289317468271577e+01
8.506844741235392027e-01,1.685316654557515115e+00,6.099573274569442560e+01
8.536393989983305230e-01,1.510201912814856051e+00,5.755915565143030221e+01
8.565943238731218434e-01,1.344973000756714221e+00,5.430300005842330080e+01
8.595492487479131638e-01,1.189111102982195689e+00,5.121766701888711282e+01
8.625041736227044842e-01,1.042124977049732948e+00,4.829408783478243095e+01
8.654590984974958046e-01,9.035494323882131695e-01,4.552369340618074744e+01
8.684140233722871249e-01,7.729438970064412828e-01,4.289838543745705124e+01
8.713689482470784453e-01,6.498910666875827857e-01,4.041050938328122299e+01
8.743238731218697657e-01,5.339956316922576107e-01,3.805282902422742808e+01
8.772787979966610861e-01,4.248830763086246520e-01,3.581850256912528607e+01
8.802337228714524064e-01,3.221985468816122022e-01,3.370106018807474157e+01
8.831886477462437268e-01,2.256057842278940129e-01,3.169438288637498857e+01
8.861435726210350472e-01,1.347861165996064869e-01,2.979268263551136897e+01
8.890984974958263676e-01,4.943750959938686407e-02,2.799048368283216348e+01
8.920534223706176880e-01,-3.072633032676419518e-02,2.628260496666120005e+01
8.950083472454090083e-01,-1.059768019829516739e-01,2.466414356835597843e+01
8.979632721202003287e-01,-1.765712080716004273e-01,2.313045913726278968e+01
9.009181969949916491e-01,-2.427535091817478730e-01,2.167715922865925648e+01
9.038731218697829695e-01,-3.047550357315000902e-01,2.030008549863571687e+01
9.068280467445742898e-01,-3.627951603184991214e-01,1.899530070346694188e+01
9.097829716193656102e-01,-4.170819327822727907e-01,1.775907645438455873e+01
9.127378964941569306e-01,-4.678126801419892900e-01,1.658788168179446743e+01
9.156928213689482510e-01,-5.151745734416870448e-01,1.547837176590855535e+01
9.186477462437395713e-01,-5.593451634120061300e-01,1.442737829349050926e+01
9.216026711185308917e-01,-6.004928867421495120e-01,1.343189940296489482e+01
9.245575959933222121e-01,-6.387775446478243246e-01,1.248909068251960619e+01
9.275125208681135325e-01,-6.743507553197125581e-01,1.159625658805603621e+01
9.304674457429048529e-01,-7.073563817421923972e-01,1.075084234991905063e+01
9.334223706176961732e-01,-7.379309362831154573e-01,9.950426339280941335e+00
9.363772954924874936e-01,-7.662039633721056120e-01,9.192712866868484767e+00
9.393322203672788140e-01,-7.922984015066711905e-01,8.475525388419290707e+00
9.422871452420700233e-01,-8.163309257521076390e-01,7.796800092840382668e+00
9.452420701168613437e-01,-8.384122718323927526e-01,7.154579850525907503e+00
9.481969949916526641e-01,-8.586475428447184477e-01,6.547008500679847742e+00
9.511519198664439845e-01,-8.771364995697668032e-01,5.972325457787685643e+00
9.541068447412353049e-01,-8.939738352929471610e-01,5.428860618597724397e+00
9.570617696160266252e-01,-9.092494359984562013e-01,4.915029552110194544e+00
9.600166944908179456e-01,-9.230486267478883455e-01,4.429328956137879914e+00
9.629716193656092660e-01,-9.354524050080481601e-01,3.970332364999764607e+00
9.659265442404005864e-01,-9.465376616483893724e-01,3.536686093843644407e+00
9.688814691151919067e-01,-9.563773902869601162e-01,3.127105405969015095e+00
9.718363939899832271e-01,-9.650408856246841527e-01,2.740370890341931265e+00
9.747913188647745475e-01,-9.725939313711060574e-01,2.375325037262034478e+00
9.777462437395658679e-01,-9.790989783302297411e-01,2.030869000862693063e+00
9.807011686143571882e-01,-9.846153131826436145e-01,1.705959537800525005e+00
9.836560934891485086e-01,-9.891992184696174473e-01,1.399606112124148538e+00
9.866110183639398290e-01,-9.929041242561629232e-01,1.110868156906001936e+00
9.895659432387311494e-01,-9.957807519230592597e-01,8.388524837783482013e-01
9.925208681135224698e-01,-9.978772505124524628e-01,5.827108320374714268e-01
9.954757929883137901e-01,-9.992393260277305789e-01,3.416375494706658245e-01
9.984307178631051105e-01,-9.999103640658821845e-01,1.148673975211060849e-01
1.001385642737896431e+00,-9.999315461393802895e-01,-9.832652616194348383e-02
1.004340567612687751e+00,-9.993419600246782331e-01,-2.986347543343561561e-01
1.007295492487479072e+00,-9.981787044556420518e-01,-4.867133120953677228e-01
1.010250417362270392e+00,-9.964769884625541696e-01,-6.631854799603535966e-01
1.013205342237061712e+00,-9.942702256406604766e-01,-8.286434635394601678e-01
1.016160267111853033e+00,-9.915901236165470811e-01,-9.836499749773413015e-01
1.019115191986644353e+00,-9.884667689658322987e-01,-1.128739731012371017e+00
1.022070116861435674e+00,-9.849287078217282554e-01,-1.264420872234550686e+00
1.025025041736226994e+00,-9.810030224008799982e-01,-1.391176307858980277e+00
1.027979966611018314e+00,-9.767154036605095735e-01,-1.509464990085065850e+00
1.030934891485809635e+00,-9.720902202892039989e-01,-1.619723121879650396e+00
1.033889816360600955e+00,-9.671505842226774119e-01,-1.722365301804031024e+00
1.036844741235392275e+00,-9.619184128654394428e-01,-1.817785609299633620e+00
1.039799666110183596e+00,-9.564144881895099148e-01,-1.906358633653916002e+00
1.042754590984974916e+00,-9.506585128720601574e-01,-1.988440449686379896e+00
1.045709515859766237e+00,-9.446691636251429713e-01,-2.064369543023535591e+00
1.048664440734557557e+00,-9.384641418624323217e-01,-2.134467687670645208e+00
1.051619365609348877e+00,-9.320602218401183858e-01,-2.199040778436466503e+00
1.054574290484140198e+00,-9.254732964017647889e-01,-2.258379620624513251e+00
1.057529215358931518e+00,-9.187184204500027374e-01,-2.312760679269901587e+00
1.060484140233722838e+00,-9.118098522613908852e-01,-2.362446790074216096e+00
1.063439065108514159e+00,-9.047610927545892689e-01,-2.407687834071554622e+00
1.066393989983305479e+00,-8.975849228161519866e-01,-2.448721377946502464e+00
1.069348914858096800e+00,-8.902934387827313722e-01,-2.485773281818857150e+00
1.072303839732888120e+00,-8.828980861732649288e-01,-2.519058276210085268e+00
1.075258764607679440e+00,-8.754096917597975480e-01,-2.548780509812395678e+00
1.078213689482470761e+00,-8.678384940609273901e-01,-2.575134069592535990e+00
1.081168614357262081e+00,-8.601941723374666449e-01,-2.598303474678805181e+00
1.084123539232053401e+00,-8.524858741657393990e-01,-2.618464145400811738e+00
1.087078464106844722e+00,-8.447222416600124184e-01,-2.635782848777088905e+00
1.090033388981636042e+00,-8.369114364118234173e-01,-2.650418121675464089e+00
1.092988313856427363e+00,-8.290611632104538664e-01,-2.662520672804823185e+00
1.095943238731218683e+00,-8.211786926054693847e-01,-2.672233764634356579e+00
1.098898163606010003e+00,-8.132708823690851796e-01,-2.679693576277412781e+00
1.101853088480801324e+00,-8.053441979131488182e-01,-2.685029548321336001e+00
1.104808013355592644e+00,-7.974047317127012091e-01,-2.688364710532102464e+00
1.107762938230383964e+00,-7.894582217854065886e-01,-2.689815993312902886e+00
1.110717863105175285e+00,-7.815100692736207666e-01,-2.689494523748932053e+00
1.113672787979966605e+00,-7.735653551734658073e-01,-2.687505907026351171e+00
1.116627712854757926e+00,-7.656288562530177977e-01,-2.683950493971555940e+00
1.119582637729549246e+00,-7.577050601995700685e-01,-2.678923635417360671e+00
1.122537562604340566e+00,-7.497981800338963110e-01,-2.672515924065350656e+00
1.125492487479131887e+00,-7.419121678275175658e-01,-2.664813424478377435e+00
1.128447412353923207e+00,-7.340507277571539646e-01,-2.655897891803796096e+00
1.131402337228714527e+00,-7.262173285288097135e-01,-2.645846979796528053e+00
1.134357262103505848e+00,-7.184152152023084437e-01,-2.634734438681210378e+00
1.137312186978297168e+00,-7.106474204455393018e-01,-2.622630303364505977e+00
1.140267111853088489e+00,-7.029167752462086582e-01,-2.609601072482012007e+00
1.143222036727879809e+00,-6.952259191074934286e-01,-2.595709878738963194e+00
1.146176961602671129e+00,-6.875773097526767241e-01,-2.581016650980103577e+00
1.149131886477462450e+00,-6.799732323625855557e-01,-2.565578268401544459e+00
1.152086811352253770e+00,-6.724158083684717013e-01,-2.549448707296048777e+00
1.155041736227045091e+00,-6.649070038218418688e-01,-2.532679180703027555e+00
1.157996661101836411e+00,-6.574486373616803547e-01,-2.515318271315394316e+00
1.160951585976627731e+00,-6.500423877984919940e-01,-2.497412057977320909e+00
1.163906510851419052e+00,-6.426898013336286297e-01,-2.479004236089843438e+00
1.166861435726210372e+00,-6.353922984314575029e-01,-2.460136232225018205e+00
1.169816360601001692e+00,-6.281511803610541067e-01,-2.440847313233993177e+00
1.172771285475793013e+00,-6.209676354232915862e-01,-2.421174690119813899e+00
1.175726210350584333e+00,-6.138427448784078422e-01,-2.401153616932007573e+00
1.178681135225375654e+00,-6.067774885884021918e-01,-2.380817484926963878e+00
1.181636060100166974e+00,-5.997727503879007882e-01,-2.360197912225733496e+00
1.184590984974958294e+00,-5.928293231964724130e-01,-2.339324829189210586e+00
1.187545909849749615e+00,-5.859479138847345503e-01,-2.318226559719517077e+00
1.190500834724540935e+00,-5.791291479059933467e-01,-2.296929898685944771e+00
1.193455759599332255e+00,-5.723735737045896332e-01,-2.275460185663793489e+00
1.196410684474123576e+00,-5.656816669115772855e-01,-2.253841375165050565e+00
1.199365609348914896e+00,-5.590538343378479436e-01,-2.232096103530846420e+00
1.202320534223706217e+00,-5.524904177743275024e-01,-2.210245752647197914e+00
1.205275459098497537e+00,-5.459916976083980522e-01,-2.188310510637421658e+00
1.208230383973288857e+00,-5.395578962652678445e-01,-2.166309429677041098e+00
1.211185308848080178e+00,-5.331891814825808762e-01,-2.144260481069709012e+00
1.214140233722871498e+00,-5.268856694261644380e-01,-2.122180607715843159e+00
1.217095158597662818e+00,-5.206474276544350577e-01,-2.100085774099123004e+00
1.220050083472454139e+00,-5.144744779386163369e-01,-2.077991013909833207e+00
1.223005008347245459e+00,-5.083667989455857850e-01,-2.055910475418176730e+00
1.225959933222036780e+00,-5.023243287898381260e-01,-2.033857464705085771e+00
1.228914858096828100e+00,-4.963469674607433046e-01,-2.011844486852811809e+00
1.231869782971619420e+00,-4.904345791309838165e-01,-1.989883285192535212e+00
1.234824707846410741e+00,-4.845869943517745471e-01,-1.967984878701487084e+00
1.237779632721202061e+00,-4.788040121402015736e-01,-1.946159597637549199e+00
1.240734557595993381e+00,-4.730854019637650287e-01,-1.924417117495010210e+00
1.243689482470784702e+00,-4.674309056269657092e-01,-1.902766491361086665e+00
1.246644407345576022e+00,-4.618402390645508504e-01,-1.881216180748934708e+00
1.249599332220367343e+00,-4.563130940458121065e-01,-1.859774084979216369e+00
1.252554257095158663e+00,-4.508491397941226664e-01,-1.838447569178784713e+00
1.255509181969949983e+00,-4.454480245257029791e-01,-1.817243490961739205e+00
1.258464106844741304e+00,-4.401093769114156617e-01,-1.796168225854950062e+00
1.261419031719532624e+00,-4.348328074652121344e-01,-1.775227691527159646e+00
1.264373956594323944e+00,-4.296179098626814463e-01,-1.754427370877920778e+00
1.267328881469115265e+00,-4.244642621929924919e-01,-1.733772334039926033e+00
1.270283806343906585e+00,-4.193714281473618355e-01,-1.713267259345722771e+00
1.273238731218697684e+00,-4.143389581470383609e-01,-1.692916453307354629e+00
1.276193656093489004e+00,-4.093663904136475296e-01,-1.672723869655146522e+00
1.279148580968280324e+00,-4.044532519846179008e-01,-1.652693127479674118e+00
1.282103505843071645e+00,-3.995990596762682423e-01,-1.632827528518798754e+00
1.285058430717862965e+00,-3.948033209970288060e-01,-1.613130073629718053e+00
1.288013355592654285e+00,-3.900655350131452259e-01,-1.593603478484043823e+00
1.290968280467445606e+00,-3.853851931691077981e-01,-1.574250188522128058e+00
1.293923205342236926e+00,-3.807617800649443218e-01,-1.555072393201139658e+00
1.296878130217028247e+00,-3.761947741924124844e-01,-1.536072039569760239e+00
1.299833055091819567e+00,-3.716836486320375110e-01,-1.517250845200810883e+00
1.302787979966610887e+00,-3.672278717128456549e-01,-1.498610310511656163e+00
1.305742904841402208e+00,-3.628269076365612800e-01,-1.480151730500803620e+00
1.308697829716193528e+00,-3.584802170679531330e-01,-1.461876205927800321e+00
1.311652754590984848e+00,-3.541872576929339100e-01,-1.443784653962243869e+00
1.314607679465776169e+00,-3.499474847459481119e-01,-1.425877818326511282e+00
1.317562604340567489e+00,-3.457603515081069667e-01,-1.408156278955660090e+00
1.320517529215358810e+00,-3.416253097774654690e-01,-1.390620461196860225e+00
1.323472454090150130e+00,-3.375418103127689751e-01,-1.373270644569660526e+00
1.326427378964941450e+00,-3.335093032519383383e-01,-1.356106971107406300e+00
1.329382303839732771e+00,-3.295272385065013965e-01,-1.339129453299179762e+00
1.332337228714524091e+00,-3.255950661331236673e-01,-1.322337981650713257e+00
1.335292153589315411e+00,-3.217122366833387037e-01,-1.305732331881898745e+00
1.338247078464106732e+00,-3.178782015325263832e-01,-1.289312171777664551e+00
1.341202003338898052e+00,-3.140924131891396631e-01,-1.273077067708233256e+00
1.344156928213689373e+00,-3.103543255851340388e-01,-1.257026490834027177e+00
1.347111853088480693e+00,-3.066633943485100322e-01,-1.241159823009771568e+00
1.350066777963272013e+00,-3.030190770588363502e-01,-1.225476362401687558e+00
1.353021702838063334e+00,-2.994208334865829380e-01,-1.209975328831010222e+00
1.355976627712854654e+00,-2.958681258170521855e-01,-1.194655868856466796e+00
1.358931552587645974e+00,-2.923604188596630737e-01,-1.179517060607757628e+00
1.361886477462437295e+00,-2.888971802433065172e-01,-1.164557918381537771e+00
1.364841402337228615e+00,-2.854778805984566348e-01,-1.149777397010856905e+00
1.367796327212019936e+00,-2.821019937266932009e-01,-1.135174396018521437e+00
1.370751252086811256e+00,-2.787689967582578920e-01,-1.120747763564350796e+00
1.373706176961602576e+00,-2.754783702982387950e-01,-1.106496300195854321e+00
1.376661101836393897e+00,-2.722295985619519465e-01,-1.092418762411406785e+00
1.379616026711185217e+00,-2.690221695000602486e-01,-1.078513866044590541e+00
1.382570951585976538e+00,-2.658555749139450697e-01,-1.064780289477974540e+00
1.385525876460767858e+00,-2.627293105618245805e-01,-1.051216676694222585e+00
1.388480801335559178e+00,-2.596428762560867853e-01,-1.037821640172056137e+00
1.391435726210350499e+00,-2.565957759522856652e-01,-1.024593763634262578e+00
1.394390651085141819e+00,-2.535875178302271493e-01,-1.011531604654605898e+00
1.397345575959933139e+00,-2.506176143675525325e-01,-9.986336971301817966e-01
1.400300500834724460e+00,-2.476855824062070277e-01,-9.858985536254654125e-01
1.403255425709515780e+00,-2.447909432121642692e-01,-9.733246675940151471e-01
1.406210350584307101e+00,-2.419332225287593452e-01,-9.609105154835171358e-01
1.409165275459098421e+00,-2.391119506239674231e-01,-9.486545587296084658e-01
1.412120200333889741e+00,-2.363266623319485726e-01,-9.365552456436535556e-01
1.415075125208681062e+00,-2.335768970891649587e-01,-9.246110131994325076e-01
1.418030050083472382e+00,-2.308621989653620032e-01,-9.128202887234544427e-01
1.420984974958263702e+00,-2.281821166896916553e-01,-9.011814914934096477e-01
1.423939899833055023e+00,-2.255362036722425578e-01,-8.896930342490623200e-01
1.426894824707846343e+00,-2.229240180212303246e-01,-8.783533246196923994e-01
1.429849749582637664e+00,-2.203451225560877913e-01,-8.671607664720073494e-01
1.432804674457428984e+00,-2.177990848166855287e-01,-8.561137611822670079e-01
1.435759599332220304e+00,-2.152854770689008601e-01,-8.452107088361968668e-01
1.438714524207011625e+00,-2.128038763067432171e-01,-8.344500093600990542e-01
1.441669449081802945e+00,-2.103538642512355894e-01,-8.238300635864195254e-01
1.444624373956594265e+00,-2.079350273462395038e-01,-8.133492742568786404e-01
1.447579298831385586e+00,-2.055469567514049412e-01,-8.030060469661353117e-01
1.450534223706176906e+00,-2.031892483324158338e-01,-7.927987910488167866e-01
1.453489148580968227e+00,-2.008615026486950117e-01,-7.827259204126180148e-01
1.456444073455759547e+00,-1.985633249387236954e-01,-7.727858543200558650e-01
1.459398998330550867e+00,-1.962943251031239733e-01,-7.629770181213397784e-01
1.462353923205342188e+00,-1.940541176856447891e-01,-7.532978439407148619e-01
1.465308848080133508e+00,-1.918423218521859708e-01,-7.437467713185230700e-01
1.468263772954924828e+00,-1.896585613679877547e-01,-7.343222478111253171e-01
1.471218697829716149e+00,-1.875024645731073192e-01,-7.250227295507359893e-01
1.474173622704507469e+00,-1.853736643562977071e-01,-7.158466817671189641e-01
1.477128547579298790e+00,-1.832717981273994656e-01,-7.067925792730149759e-01
1.480083472454090110e+00,-1.811965077883491426e-01,-6.978589069150786806e-01
1.483038397328881430e+00,-1.791474397029041155e-01,-6.890441599920258398e-01
1.485993322203672751e+00,-1.771242446651782321e-01,-6.803468446416136572e-01
1.488948247078464071e+00,-1.751265778670783868e-01,-6.717654781980012535e-01
1.491903171953255391e+00,-1.731540988647266299e-01,-6.632985895209717597e-01
1.494858096828046712e+00,-1.712064715439494123e-01,-6.549447192984215738e-01
1.497813021702838032e+00,-1.692833640849112642e-01,-6.467024203234693625e-01
1.500767946577629353e+00,-1.673844489259647128e-01,-6.385702577474640096e-01
1.503722871452420673e+00,-1.655094027267875190e-01,-6.305468093101223026e-01
1.506677796327211993e+00,-1.636579063308715998e-01,-6.226306655479634244e-01
1.509632721202003314e+00,-1.618296447274270300e-01,-6.148204299821586893e-01
1.512587646076794634e+00,-1.600243070127601031e-01,-6.071147192868614484e-01
1.515542570951585954e+00,-1.582415863511812404e-01,-5.995121634390330190e-01
1.518497495826377275e+00,-1.564811799354967059e-01,-5.920114058507368604e-01
1.521452420701168595e+00,-1.547427889471339746e-01,-5.846111034848224808e-01
1.524407345575959916e+00,-1.530261185159486059e-01,-5.773099269548855883e-01
1.527362270450751236e+00,-1.513308776797581690e-01,-5.701065606103443706e-01
1.530317195325542556e+00,-1.496567793436456018e-01,-5.629997026074355926e-01
1.533272120200333877e+00,-1.480035402390728061e-01,-5.559880649668957897e-01
1.536227045075125197e+00,-1.463708808828421692e-01,-5.490703736190593043e-01
1.539181969949916517e+00,-1.447585255359431500e-01,-5.422453684370682758e-01
1.542136894824707838e+00,-1.431662021623170133e-01,-5.355118032588602750e-01
1.545091819699499158e+00,-1.415936423875724937e-01,-5.288684458985646319e-01
1.548046744574290479e+00,-1.400405814576828611e-01,-5.223140781479138628e-01
1.551001669449081799e+00,-1.385067581976925921e-01,-5.158474957682426254e-01
1.553956594323873119e+00,-1.369919149704610928e-01,-5.094675084736253190e-01
1.556911519198664440e+00,-1.354957976354687343e-01,-5.031729399056722452e-01
1.559866444073455760e+00,-1.340181555077087638e-01,-4.969626276004861509e-01
1.562821368948247081e+00,-1.325587413166884054e-01,-4.908354229482477793e-01
1.565776293823038401e+00,-1.311173111655589696e-01,-4.847901911458887270e-01
1.568731218697829721e+00,-1.296936244903962587e-01,-4.788258111432777686e-01
1.571686143572621042e+00,-1.282874440196485055e-01,-4.729411755833325959e-01
1.574641068447412362e+00,-1.268985357337701070e-01,-4.671351907364462153e-01
1.577595993322203682e+00,-1.255266688250566698e-01,-4.614067764296005958e-01
1.580550918196995003e+00,-1.241716156576976038e-01,-4.557548659705210614e-01
1.583505843071786323e+00,-1.228331517280589064e-01,-4.501784060672078258e-01
1.586460767946577644e+00,-1.215110556252108620e-01,-4.446763567431651909e-01
1.589415692821368964e+00,-1.202051089917118287e-01,-4.392476912486334983e-01
1.592370617696160284e+00,-1.189150964846599490e-01,-4.338913959681128807e-01
1.595325542570951605e+00,-1.176408057370233601e-01,-4.286064703244558682e-01
1.598280467445742925e+00,-1.163820273192584381e-01,-4.233919266797893100e-01
1.601235392320534245e+00,-1.151385547012252070e-01,-4.182467902335161858e-01
1.604190317195325566e+00,-1.139101842144082388e-01,-4.131700989176327887e-01
1.607145242070116886e+00,-1.126967150144504298e-01,-4.081609032895872069e-01
1.610100166944908207e+00,-1.114979490440069498e-01,-4.032182664228920466e-01
1.613055091819699527e+00,-1.103136909959252093e-01,-3.983412637956947888e-01
1.616010016694490847e+00,-1.091437482767571993e-01,-3.935289831774971270e-01
1.618964941569282168e+00,-1.079879309706087559e-01,-3.887805245142074151e-01
1.621919866444073488e+00,-1.068460518033309964e-01,-3.840949998116989228e-01
1.624874791318864808e+00,-1.057179261070576581e-01,-3.794715330180376545e-01
1.627829716193656129e+00,-1.046033717850923112e-01,-3.749092599045362739e-01
1.630784641068447449e+00,-1.035022092771485241e-01,-3.704073279457817947e-01
1.633739565943238770e+00,-1.024142615249460514e-01,-3.659648961987755356e-01
1.636694490818030090e+00,-1.013393539381650527e-01,-3.615811351813196239e-01
1.639649415692821410e+00,-1.002773143607607748e-01,-3.572552267497743905e-01
1.642604340567612731e+00,-9.922797303764031851e-02,-3.529863639763037297e-01
1.645559265442404051e+00,-9.819116258170251799e-02,-3.487737510257238327e-01
1.648514190317195371e+00,-9.716671794124241701e-02,-3.446166030320576001e-01
1.651469115191986692e+00,-9.615447636772062046e-02,-3.405141459748967092e-01
1.654424040066778012e+00,-9.515427738389836687e-02,-3.364656165556656475e-01
1.657378964941569333e+00,-9.416596275233807267e-02,-3.324702620738754222e-01
1.660333889816360653e+00,-9.318937644426954214e-02,-3.285273403034528195e-01
1.663288814691151973e+00,-9.222436460882146858e-02,-3.246361193692219871e-01
1.666243739565943294e+00,-9.127077554261744941e-02,-3.207958776236147780e-01
1.669198664440734614e+00,-9.032845965973596014e-02,-3.170059035236783562e-01
1.672153589315525934e+00,-8.939726946203331581e-02,-3.132654955084468451e-01
1.675108514190317255e+00,-8.847705950982834300e-02,-3.095739618767381351e-01
1.678063439065108575e+00,-8.756768639294723600e-02,-3.059306206654334170e-01
1.681018363939899896e+00,-8.666900870212776442e-02,-3.023347995282951173e-01
1.683973288814691216e+00,-8.578088700078020934e-02,-2.987858356153721973e-01
1.686928213689482536e+00,-8.490318379710404262e-02,-2.952830754530416657e-01
1.689883138564273857e+00,-8.403576351655799026e-02,-2.918258748247300471e-01
1.692838063439065177e+00,-8.317849247468142582e-02,-2.884135986523559403e-01
1.695792988313856497e+00,-8.233123885026519262e-02,-2.850456208785324130e-01
1.698747913188647818e+00,-8.149387265886899601e-02,-2.817213243495655384e-01
1.701702838063439138e+00,-8.066626572668365858e-02,-2.784401006992802685e-01
1.704657762938230459e+00,-7.984829166473521311e-02,-2.752013502337070650e-01
1.707612687813021779e+00,-7.903982584342843232e-02,-2.720044818166554301e-01
1.710567612687813099e+00,-7.824074536742720021e-02,-2.688489127562012082e-01
1.713522537562604420e+00,-7.745092905086892188e-02,-2.657340686921120243e-01
1.716477462437395740e+00,-7.667025739291007114e-02,-2.626593834842324005e-01
1.719432387312187061e+00,-7.589861255360029479e-02,-2.596242991018486990e-01
1.722387312186978381e+00,-7.513587833008175676e-02,-2.566282655140523783e-01
1.725342237061769701e+00,-7.438194013311108521e-02,-2.536707405811174931e-01
1.728297161936561022e+00,-7.363668496390075868e-02,-2.507511899469082040e-01
1.731252086811352342e+00,-7.290000139127680856e-02,-2.478690869323293411e-01
1.734207011686143662e+00,-7.217177952914996530e-02,-2.450239124298311810e-01
1.737161936560934983e+00,-7.145191101429676506e-02,-2.422151547989803699e-01
1.740116861435726303e+00,-7.074028898444775781e-02,-2.394423097631042663e-01
1.743071786310517624e+00,-7.003680805667963916e-02,-2.367048803070189167e-01
1.746026711185308944e+00,-6.934136430610771118e-02,-2.340023765758451058e-01
1.748981636060100264e+00,-6.865385524487591096e-02,-2.313343157749196410e-01
1.751936560934891585e+00,-6.797417980144099259e-02,-2.287002220708055922e-01
1.754891485809682905e+00,-6.730223830014746278e-02,-2.260996264934057587e-01
1.757846410684474225e+00,-6.663793244109017522e-02,-2.235320668391809484e-01
1.760801335559265546e+00,-6.598116528026135019e-02,-2.209970875754754815e-01
1.763756260434056866e+00,-6.533184120997856392e-02,-2.184942397459506691e-01
1.766711185308848187e+00,-6.468986593959057119e-02,-2.160230808771264055e-01
1.769666110183639507e+00,-6.405514647645768611e-02,-2.135831748860290147e-01
1.772621035058430827e+00,-6.342759110720341820e-02,-2.111740919889461554e-01
1.775575959933222148e+00,-6.280710937923403292e-02,-2.087954086112842056e-01
1.778530884808013468e+00,-6.219361208252294215e-02,-2.064467072985273211e-01
1.781485809682804788e+00,-6.158701123165647578e-02,-2.041275766282936721e-01
1.784440734557596109e+00,-6.098722004813807857e-02,-2.018376111234858605e-01
1.787395659432387429e+00,-6.039415294294729619e-02,-1.995764111665298546e-01
1.790350584307178750e+00,-5.980772549935074039e-02,-1.973435829146993892e-01
1.793305509181970070e+00,-5.922785445596166765e-02,-1.951387382165186424e-01
1.796260434056761390e+00,-5.865445769004488941e-02,-1.929614945292386641e-01
1.799215358931552711e+00,-5.808745420106403712e-02,-1.908114748373808400e-01
1.802170283806344031e+00,-5.752676409446794148e-02,-1.886883075723410630e-01
1.805125208681135351e+00,-5.697230856571302432e-02,-1.865916265330475055e-01
1.808080133555926672e+00,-5.642400988451853200e-02,-1.845210708076649719e-01
1.811035058430717992e+00,-5.588179137935170987e-02,-1.824762846963384755e-01
1.813989983305509313e+00,-5.534557742213958020e-02,-1.804569176349677118e-01
1.816944908180300633e+00,-5.481529341320461740e-02,-1.784626241200050478e-01
1.819899833055091953e+00,-5.429086576642098982e-02,-1.764930636342682269e-01
1.822854757929883274e+00,-5.377222189458860657e-02,-1.745479005737597122e-01
1.825809682804674594e+00,-5.325929019502195078e-02,-1.726268041754836224e-01
1.828764607679465914e+00,-5.275200003535067406e-02,-1.707294484462516804e-01
1.831719532554257235e+00,-5.225028173952915578e-02,-1.688555120924689346e-01
1.834674457429048555e+00,-5.175406657405213356e-02,-1.670046784508901760e-01
1.837629382303839876e+00,-5.126328673437345607e-02,-1.651766354203379195e-01
1.840584307178631196e+00,-5.077787533152523791e-02,-1.633710753943718730e-01
1.843539232053422516e+00,-5.029776637893455110e-02,-1.615876951949013207e-01
1.846494156928213837e+00,-4.982289477943493972e-02,-1.598261960067299259e-01
1.849449081803005157e+00,-4.935319631246998240e-02,-1.580862833130235734e-01
1.852404006677796477e+00,-4.888860762148609929e-02,-1.563676668316917318e-01
1.855358931552587798e+00,-4.842906620151217478e-02,-1.546700604526718426e-01
1.858313856427379118e+00,-4.797451038692303327e-02,-1.529931821761075783e-01
1.861268781302170439e+00,-4.752487933938434606e-02,-1.513367540514103660e-01
1.864223706176961759e+00,-4.708011303597631203e-02,-1.497005021171946559e-01
1.867178631051753079e+00,-4.664015225749353760e-02,-1.480841563420768614e-01
1.870133555926544400e+00,-4.620493857691859718e-02,-1.464874505663276705e-01
1.873088480801335720e+00,-4.577441434806675535e-02,-1.449101224443681279e-01
1.876043405676127040e+00,-4.534852269439935968e-02,-1.433519133880991336e-01
1.878998330550918361e+00,-4.492720749800348939e-02,-1.418125685110547540e-01
1.881953255425709681e+00,-4.451041338873541059e-02,-1.402918365733687167e-01
1.884908180300501002e+00,-4.409808573352547861e-02,-1.387894699275448451e-01
1.887863105175292322e+00,-4.369017062584209382e-02,-1.373052244650209419e-01
1.890818030050083642e+00,-4.328661487531239999e-02,-1.358388595635164342e-01
1.893772954924874963e+00,-4.288736599749740780e-02,-1.343901380351538721e-01
1.896727879799666283e+00,-4.249237220381933688e-02,-1.329588260753445383e-01
1.899682804674457604e+00,-4.210158239163878935e-02,-1.315446932124279544e-01
1.902637729549248924e+00,-4.171494613447972177e-02,-1.301475122580561805e-01
1.905592654424040244e+00,-4.133241367239990499e-02,-1.287670592583127771e-01
1.908547579298831565e+00,-4.095393590250472754e-02,-1.274031134455566316e-01
1.911502504173622885e+00,-4.057946436960226805e-02,-1.260554571909819066e-01
1.914457429048414205e+00,-4.020895125699747857e-02,-1.247238759578832290e-01
1.917412353923205526e+00,-3.984234937742348742e-02,-1.234081582556183221e-01
1.920367278797996846e+00,-3.947961216410784957e-02,-1.221080955942570601e-01
1.923322203672788167e+00,-3.912069366197183651e-02,-1.208234824399089663e-01
1.926277128547579487e+00,-3.876554851896076015e-02,-1.195541161707190658e-01
1.929232053422370807e+00,-3.841413197750331160e-02,-1.182997970335233073e-01
1.932186978297162128e+00,-3.806639986609804127e-02,-1.170603281011545344e-01
1.935141903171953448e+00,-3.772230859102502359e-02,-1.158355152303894575e-01
1.938096828046744768e+00,-3.738181512818087443e-02,-1.146251670205287454e-01
1.941051752921536089e+00,-3.704487701503525465e-02,-1.134290947726001308e-01
1.944006677796327409e+00,-3.671145234270692392e-02,-1.122471124491766781e-01
1.946961602671118730e+00,-3.638149974815774179e-02,-1.110790366348013980e-01
1.949916527545910050e+00,-3.605497840650268015e-02,-1.099246864970092330e-01
1.952871452420701370e+00,-3.573184802343411237e-02,-1.087838837479382925e-01
1.955826377295492691e+00,-3.541206882775869286e-02,-1.076564526065217353e-01
1.958781302170284011e+00,-3.509560156404517572e-02,-1.065422197612522492e-01
1.961736227045075331e+00,-3.478240748538132671e-02,-1.054410143335103717e-01
1.964691151919866652e+00,-3.447244834623842957e-02,-1.043526678414491288e-01
1.967646076794657972e+00,-3.416568639544167313e-02,-1.032770141644264034e-01
1.970601001669449293e+00,-3.386208436924487836e-02,-1.022138895079775373e-01
1.973555926544240613e+00,-3.356160548450788650e-02,-1.011631323693198137e-01
1.976510851419031933e+00,-3.326421343197516478e-02,-1.001245835033814924e-01
1.979465776293823254e+00,-3.296987236965396445e-02,-9.909808588934747309e-02
1.982420701168614574e+00,-3.267854691629060865e-02,-9.808348469771382971e-02
1.985375626043405894e+00,-3.239020214494341132e-02,-9.708062725784424862e-02
1.988330550918197215e+00,-3.210480357665070061e-02,-9.608936302602025248e-02
1.991285475792988535e+00,-3.182231717419252426e-02,-9.510954355397854831e-02
1.994240400667779856e+00,-3.154270933594465615e-02,-9.414102245792763113e-02
1.997195325542571176e+00,-3.126594688982342607e-02,-9.318365538803725923e-02
2.000150250417362496e+00,-3.099199708731999875e-02,-9.223729999839291871e-02
2.003105175292153817e+00,-3.072082759762281498e-02,-9.130181591740882396e-02
2.006060100166945137e+00,-3.045240650182672038e-02,-9.037706471869269564e-02
2.009015025041736457e+00,-3.018670228722758822e-02,-8.946290989235500257e-02
2.011969949916527778e+00,-2.992368384170103479e-02,-8.855921681675643642e-02
2.014924874791319098e+00,-2.966332044816399546e-02,-8.766585273068684681e-02
2.017879799666110419e+00,-2.940558177911787793e-02,-8.678268670596910039e-02
2.020834724540901739e+00,-2.915043789127204008e-02,-8.590958962048149405e-02
2.023789649415693059e+00,-2.889785922024639894e-02,-8.504643413159226895e-02
2.026744574290484380e+00,-2.864781657535189416e-02,-8.419309465000013315e-02
2.029699499165275700e+00,-2.840028113444771976e-02,-8.334944731397442297e-02
2.032654424040067020e+00,-2.815522443887401652e-02,-8.251536996398906032e-02
2.035609348914858341e+00,-2.791261838845902551e-02,-8.169074211774400573e-02
2.038564273789649661e+00,-2.767243523659940890e-02,-8.087544494556847541e-02
2.041519198664440982e+00,-2.743464758541275944e-02,-8.006936124620017692e-02
2.044474123539232302e+00,-2.719922838096108797e-02,-7.927237542293445738e-02
2.047429048414023622e+00,-2.696615090854426883e-02,-7.848437346013813209e-02
2.050383973288814943e+00,-2.673538878806235725e-02,-7.770524290012195689e-02
2.053338898163606263e+00,-2.650691596944571016e-02,-7.693487282036666486e-02
2.056293823038397584e+00,-2.628070672815189385e-02,-7.617315381109668326e-02
2.059248747913188904e+00,-2.605673566072834457e-02,-7.541997795319657638e-02
2.062203672787980224e+00,-2.583497768043980722e-02,-7.467523879646473239e-02
2.065158597662771545e+00,-2.561540801295951464e-02,-7.393883133819895148e-02
2.068113522537562865e+00,-2.539800219212317439e-02,-7.321065200210924440e-02
2.071068447412354185e+00,-2.518273605574477408e-02,-7.249059861755224876e-02
2.074023372287145506e+00,-2.496958574149332061e-02,-7.177857039908266956e-02
2.076978297161936826e+00,-2.475852768282947938e-02,-7.107446792631669230e-02
2.079933222036728147e+00,-2.454953860500130869e-02,-7.037819312410265038e-02
2.082888146911519467e+00,-2.434259552109812111e-02,-6.968964924299379804e-02
2.085843071786310787e+00,-2.413767572816161514e-02,-6.900874084001917819e-02
2.088797996661102108e+00,-2.393475680335336794e-02,-6.833537375974721439e-02
2.091752921535892984e+00,-2.373381660017792258e-02,-6.766945511563815518e-02
2.094707846410684304e+00,-2.353483324476039057e-02,-6.701089327167995824e-02
2.097662771285475625e+00,-2.333778513217818484e-02,-6.635959782430479736e-02
2.100617696160266945e+00,-2.314265092284551253e-02,-6.571547958457987781e-02
2.103572621035058265e+00,-2.294940953895023561e-02,-6.507845056066974276e-02
2.106527545909849586e+00,-2.275804016094209667e-02,-6.444842394056507495e-02
2.109482470784640906e+00,-2.256852222407162989e-02,-6.382531407507442689e-02
2.112437395659432227e+00,-2.238083541497894180e-02,-6.320903646107407792e-02
2.115392320534223547e+00,-2.219495966833158127e-02,-6.259950772501267358e-02
2.118347245409014867e+00,-2.201087516351080131e-02,-6.199664560666622026e-02
2.121302170283806188e+00,-2.182856232134548422e-02,-6.140036894313971594e-02
2.124257095158597508e+00,-2.164800180089291801e-02,-6.081059765311146864e-02
2.127212020033388828e+00,-2.146917449626583804e-02,-6.022725272131650154e-02
2.130166944908180149e+00,-2.129206153350493569e-02,-5.965025618326505463e-02
2.133121869782971469e+00,-2.111664426749618878e-02,-5.907953111019269288e-02
2.136076794657762790e+00,-2.094290427893232692e-02,-5.851500159423832920e-02
2.139031719532554110e+00,-2.077082337131776202e-02,-5.795659273384663746e-02
2.141986644407345430e+00,-2.060038356801631790e-02,-5.740423061939127491e-02
2.144941569282136751e+00,-2.043156710934113801e-02,-5.685784231901562513e-02
2.147896494156928071e+00,-2.026435644968610159e-02,-5.631735586468739063e-02
2.150851419031719391e+00,-2.009873425469813762e-02,-5.578270023846397530e-02
2.153806343906510712e+00,-1.993468339848981918e-02,-5.525380535896516621e-02
2.156761268781302032e+00,-1.977218696089162384e-02,-5.473060206805005490e-02
2.159716193656093353e+00,-1.961122822474327052e-02,-5.421302211769467305e-02
2.162671118530884673e+00,-1.945179067322353600e-02,-5.370099815706766422e-02
2.165626043405675993e+00,-1.929385798721797163e-02,-5.319446371980052213e-02
2.168580968280467314e+00,-1.913741404272395127e-02,-5.269335321144946738e-02
2.171535893155258634e+00,-1.898244290829250586e-02,-5.219760189714606202e-02
2.174490818030049955e+00,-1.882892884250632684e-02,-5.170714588943350204e-02
2.177445742904841275e+00,-1.867685629149352239e-02,-5.122192213628566637e-02
2.180400667779632595e+00,-1.852620988647640798e-02,-5.074186840930620945e-02
2.183355592654423916e+00,-1.837697444135501235e-02,-5.026692329210467880e-02
2.186310517529215236e+00,-1.822913495032456310e-02,-4.979702616884709721e-02
2.189265442404006556e+00,-1.808267658552667120e-02,-4.933211721297812991e-02
2.192220367278797877e+00,-1.793758469473347161e-02,-4.887213737611219994e-02
2.195175292153589197e+00,-1.779384479906442190e-02,-4.841702837709101204e-02
2.198130217028380518e+00,-1.765144259073516547e-02,-4.796673269120468874e-02
2.201085141903171838e+00,-1.751036393083801879e-02,-4.752119353957413861e-02
2.204040066777963158e+00,-1.737059484715357260e-02,-4.708035487869206837e-02
2.206994991652754479e+00,-1.723212153199298741e-02,-4.664416139012017570e-02
2.209949916527545799e+00,-1.709493034007051812e-02,-4.621255847034003161e-02
2.212904841402337119e+00,-1.695900778640576159e-02,-4.578549222075539021e-02
2.215859766277128440e+00,-1.682434054425526945e-02,-4.536290943784339336e-02
2.218814691151919760e+00,-1.669091544307303721e-02,-4.494475760345249815e-02
2.221769616026711081e+00,-1.655871946649940460e-02,-4.453098487524474736e-02
2.224724540901502401e+00,-1.642773975037806547e-02,-4.412154007728009975e-02
2.227679465776293721e+00,-1.629796358080062499e-02,-4.371637269074085674e-02
2.230634390651085042e+00,-1.616937839217838860e-02,-4.331543284479357631e-02
2.233589315525876362e+00,-1.604197176534096630e-02,-4.291867130758678095e-02
2.236544240400667682e+00,-1.591573142566124477e-02,-4.252603947738201051e-02
2.239499165275459003e+00,-1.579064524120641147e-02,-4.213748937381634613e-02
2.242454090150250323e+00,-1.566670122091456605e-02,-4.175297362929425438e-02
2.245409015025041644e+00,-1.554388751279661869e-02,-4.137244548050680870e-02
2.248363939899832964e+00,-1.542219240216303675e-02,-4.099585876007627583e-02
2.251318864774624284e+00,-1.530160430987509597e-02,-4.062316788832411041e-02
2.254273789649415605e+00,-1.518211179062030868e-02,-4.025432786516044970e-02
2.257228714524206925e+00,-1.506370353121159328e-02,-3.988929426209325557e-02
2.260183639398998245e+00,-1.494636834890992333e-02,-3.952802321435523736e-02
2.263138564273789566e+00,-1.483009518977004663e-02,-3.917047141314668190e-02
2.266093489148580886e+00,-1.471487312700896222e-02,-3.881659609799240768e-02
2.269048414023372207e+00,-1.460069135939681857e-02,-3.846635504921117749e-02
2.272003338898163527e+00,-1.448753920966989496e-02,-3.811970658049566169e-02
2.274958263772954847e+00,-1.437540612296535694e-02,-3.777660953160140445e-02
2.277913188647746168e+00,-1.426428166527743749e-02,-3.743702326114296819e-02
2.280868113522537488e+00,-1.415415552193477651e-02,-3.710090763949570186e-02
2.283823038397328808e+00,-1.404501749609854758e-02,-3.676822304180143997e-02
2.286777963272120129e+00,-1.393685750728113418e-02,-3.643893034107657802e-02
2.289732888146911449e+00,-1.382966558988499815e-02,-3.611299090142087997e-02
2.292687813021702770e+00,-1.372343189176147837e-02,-3.579036657132551869e-02
2.295642737896494090e+00,-1.361814667278921434e-02,-3.547101967707882303e-02
2.298597662771285410e+00,-1.351380030347192236e-02,-3.515491301626817722e-02
2.301552587646076731e+00,-1.341038326355522073e-02,-3.484200985137659440e-02
2.304507512520868051e+00,-1.330788614066224021e-02,-3.453227390347261144e-02
2.307462437395659371e+00,-1.320629962894776313e-02,-3.422566934599192284e-02
2.310417362270450692e+00,-1.310561452777056837e-02,-3.392216079860942840e-02
2.313372287145242012e+00,-1.300582174038378627e-02,-3.362171332120029305e-02
2.316327212020033333e+00,-1.290691227264295117e-02,-3.332429240788865182e-02
2.319282136894824653e+00,-1.280887723173151221e-02,-3.302986398118260003e-02
2.322237061769615973e+00,-1.271170782490354915e-02,-3.273839438619418479e-02
2.325191986644407294e+00,-1.261539535824345894e-02,-3.244985038494301033e-02
2.328146911519198614e+00,-1.251993123544231819e-02,-3.216419915074229807e-02
2.331101836393989934e+00,-1.242530695659075680e-02,-3.188140826266602779e-02
2.334056761268781255e+00,-1.233151411698802866e-02,-3.160144570009598003e-02
2.337011686143572575e+00,-1.223854440596709725e-02,-3.132427983734747262e-02
2.339966611018363896e+00,-1.214638960573547963e-02,-3.104987943837247966e-02
2.342921535893155216e+00,-1.205504159023163165e-02,-3.077821365153916855e-02
2.345876460767946536e+00,-1.196449232399664914e-02,-3.050925200448639449e-02
2.348831385642737857e+00,-1.187473386106105595e-02,-3.024296439905228839e-02
2.351786310517529177e+00,-1.178575834384648288e-02,-2.997932110627564428e-02
2.354741235392320498e+00,-1.169755800208200670e-02,-2.971829276146902010e-02
2.357696160267111818e+00,-1.161012515173493083e-02,-2.945985035936254937e-02
2.360651085141903138e+00,-1.152345219395583230e-02,-2.920396524931722845e-02
2.363606010016694459e+00,-1.143753161403763402e-02,-2.895060913060683305e-02
2.366560934891485779e+00,-1.135235598038853398e-02,-2.869975404776718003e-02
2.369515859766277099e+00,-1.126791794351856245e-02,-2.845137238601191942e-02
2.372470784641068420e+00,-1.118421023503960408e-02,-2.820543686671379141e-02
2.375425709515859740e+00,-1.110122566667866989e-02,-2.796192054295021379e-02
2.378380634390651061e+00,-1.101895712930423162e-02,-2.772079679511249561e-02
2.381335559265442381e+00,-1.093739759196545036e-02,-2.748203932657739684e-02
2.384290484140233701e+00,-1.085654010094409122e-02,-2.724562215944043714e-02
2.387245409015025022e+00,-1.077637777881897477e-02,-2.701151963030966330e-02
2.390200333889816342e+00,-1.069690382354273814e-02,-2.677970638615928892e-02
2.393155258764607662e+00,-1.061811150753079816e-02,-2.655015738024204403e-02
2.396110183639398983e+00,-1.053999417676228061e-02,-2.632284786805952348e-02
2.399065108514190303e+00,-1.046254524989277852e-02,-2.609775340338955571e-02
2.402020033388981624e+00,-1.038575821737877485e-02,-2.587484983436980773e-02
2.404974958263772944e+00,-1.030962664061354540e-02,-2.565411329963671050e-02
2.407929883138564264e+00,-1.023414415107439489e-02,-2.543552022451894476e-02
2.410884808013355585e+00,-1.015930444948106269e-02,-2.521904731728460275e-02
2.413839732888146905e+00,-1.008510130496513384e-02,-2.500467156544124159e-02
2.416794657762938225e+00,-1.001152855425030928e-02,-2.479237023208810328e-02
2.419749582637729546e+00,-9.938580100843384668e-03,-2.458212085231955765e-02
2.422704507512520866e+00,-9.866249914235774437e-03,-2.437390122967918876e-02
2.425659432387312187e+00,-9.794532029115437383e-03,-2.416768943266364711e-02
2.428614357262103507e+00,-9.723420544589073469e-03,-2.396346379127554937e-02
2.431569282136894827e+00,-9.652909623414418494e-03,-2.376120289362468677e-02
2.434524207011686148e+00,-9.582993491242525544e-03,-2.356088558257689314e-02
2.437479131886477468e+00,-9.513666435869870194e-03,-2.336249095244974719e-02
2.440434056761268788e+00,-9.444922806500156282e-03,-2.316599834575445299e-02
2.443388981636060109e+00,-9.376757013015678266e-03,-2.297138734998327436e-02
2.446343906510851429e+00,-9.309163525258115288e-03,-2.277863779444178408e-02
2.449298831385642750e+00,-9.242136872318612931e-03,-2.258772974712522363e-02
2.452253756260434070e+00,-9.175671641837031267e-03,-2.239864351163842540e-02
2.455208681135225390e+00,-9.109762479310249891e-03,-2.221135962415855813e-02
2.458163606010016711e+00,-9.044404087409346066e-03,-2.202585885044010261e-02
2.461118530884808031e+00,-8.979591225305607813e-03,-2.184212218286142593e-02
2.464073455759599351e+00,-8.915318708005170317e-03,-2.166013083751230917e-02
2.467028380634390672e+00,-8.851581405692235741e-03,-2.147986625132190103e-02
2.469983305509181992e+00,-8.788374243080690831e-03,-2.130131007922638278e-02
2.472938230383973313e+00,-8.725692198774058148e-03,-2.112444419137586918e-02
2.475893155258764633e+00,-8.663530304633628235e-03,-2.094925067037990349e-02
2.478848080133555953e+00,-8.601883645154684288e-03,-2.077571180859097422e-02
2.481803005008347274e+00,-8.540747356850692668e-03,-2.060381010542554348e-02
2.484757929883138594e+00,-8.480116627645353442e-03,-2.043352826472196598e-02
2.487712854757929914e+00,-8.419986696272417290e-03,-2.026484919213482686e-02
2.490667779632721235e+00,-8.360352851683133454e-03,-2.009775599256510489e-02
2.493622704507512555e+00,-8.301210432461243738e-03,-1.993223196762565486e-02
2.496577629382303876e+00,-8.242554826245416730e-03,-1.976826061314152991e-02
2.499532554257095196e+00,-8.184381469159018180e-03,-1.960582561668453017e-02
2.502487479131886516e+00,-8.126685845247108228e-03,-1.944491085514160958e-02
2.505442404006677837e+00,-8.069463485920594370e-03,-1.928550039231653399e-02
2.508397328881469157e+00,-8.012709969407390970e-03,-1.912757847656437749e-02
2.511352253756260478e+00,-7.956420920210559300e-03,-1.897112953845832284e-02
2.514307178631051798e+00,-7.900592008573252903e-03,-1.881613818848832873e-02
2.517262103505843118e+00,-7.845218949950457862e-03,-1.866258921479118510e-02
2.520217028380634439e+00,-7.790297504487364924e-03,-1.851046758091151948e-02
2.523171953255425759e+00,-7.735823476504324024e-03,-1.835975842359326496e-02
2.526126878130217079e+00,-7.681792713988280612e-03,-1.821044705060117369e-02
2.529081803005008400e+00,-7.628201108090606163e-03,-1.806251893857195243e-02
2.532036727879799720e+00,-7.575044592631229208e-03,-1.791595973089452065e-02
2.534991652754591041e+00,-7.522319143608993154e-03,-1.777075523561909287e-02
2.537946577629382361e+00,-7.470020778718151552e-03,-1.762689142339452994e-02
2.540901502504173681e+00,-7.418145556870907147e-03,-1.748435442543362292e-02
2.543856427378965002e+00,-7.366689577725937452e-03,-1.734313053150593475e-02
2.546811352253756322e+00,-7.315648981222803646e-03,-1.720320618795769668e-02
2.549766277128547642e+00,-7.265019947122159510e-03,-1.706456799575850614e-02
2.552721202003338963e+00,-7.214798694551720522e-03,-1.692720270857428141e-02
2.555676126878130283e+00,-7.164981481557861250e-03,-1.679109723086625455e-02
2.558631051752921604e+00,-7.115564604662806374e-03,-1.665623861601550279e-02
2.561585976627712924e+00,-7.066544398427325978e-03,-1.652261406447270986e-02
2.564540901502504244e+00,-7.017917235018858793e-03,-1.639021092193280321e-02
2.567495826377295565e+00,-6.969679523784989665e-03,-1.625901667753404389e-02
2.570450751252086885e+00,-6.921827710832219663e-03,-1.612901896208130195e-02
2.573405676126878205e+00,-6.874358278609943827e-03,-1.600020554629312530e-02
2.576360601001669526e+00,-6.827267745499583651e-03,-1.587256433907223777e-02
2.579315525876460846e+00,-6.780552665408785817e-03,-1.574608338579919220e-02
2.582270450751252167e+00,-6.734209627370630821e-03,-1.562075086664880402e-02
2.585225375626043487e+00,-6.688235255147791623e-03,-1.549655509492902164e-02
2.588180300500834807e+00,-6.642626206841561673e-03,-1.537348451544199614e-02
2.591135225375626128e+00,-6.597379174505688983e-03,-1.525152770286691481e-02
2.594090150250417448e+00,-6.552490883764964212e-03,-1.513067336016439557e-02
2.597045075125208768e+00,-6.507958093438494240e-03,-1.501091031700208661e-02
2.600000000000000089e+00,-6.463777595167586633e-03,-1.489222752820111920e-02
